Ma Jian,1
Sun Zengqi,1
Kuperberg Greg,2
Akhoundi Mohammad Amin Ahmad,1
Valavi Ehsan,1
Parthasarathy Dhruv,2
Shah Devavrat,6
Zaman Tauhid,2
Xie Pith Peishu,0
Manzyuk Oleksandr,4
Pearlmutter Barak A.,4
Radul Alexey Andreyevich,4
Rush David R.,4
Siskind Jeffrey Mark,4
Rifà Josep,1
Zinoviev Victor,1
Lovett Shachar,2
Peled Ron,2
Jancar Petr,0
Elia Michele,1
Gorla Elisa,1
Alkan Ferhat,3
Bıyıkoğlu Türker,3
Demange Marc,3
Erten Cesim,3
Zhao Shancheng,2
Ma Xiao,2
Bai Baoming,2
Tarau Paul,0
Liu Kuan,2
Bellet Aurélien,2
Sha Fei,2
Bhangale Amey,2
Harsha Prahladh,2
Varma Girish,5
Powers David M. W.,0
Kaibel Volker,3
Lee Jon,3
Walter Matthias,3
Weltge Stefan,3
Fan Jie,0
Inkulu R,1
Kapoor Sanjiv,1
Budiardja Reuben D.,1
Cardall Christian Y.,1
Fijalkow Nathanaël,2
Kiefer Stefan,2
Shirmohammadi Mahsa,2
McClure Patrick,10
Kriegeskorte Nikolaus,1
Eremeev Anton V.,0
Gesmundo Fulvio,4
Landgren Peter,2
Srivastava Vaibhav,2
Leonard Naomi Ehrich,2
Chen Tianran,3
Marecek Jakub,6
Mehta Dhagash,3
Niemerg Matthew,3
Gorban A. N.,2
Mirkes E. M.,2
Zinovyev A.,2
Yuan Ye,10
Li Mu,3
Liu Jun,3
Tomlin Claire J.,3
Oliveira Fabiano de S.,1
Barbosa Valmir C.,1
Khashabi Daniel,6
Quanrud Kent,2
Taghvaei Amirhossein,2
Kobayashi Kenta,1
Tsuchiya Takuya,1
Chen Jian-Jia,1
Brandenburg Björn B.,1
Gharibian Sevag,4
Yirka Justin,4
Luedtke Alexander,2
Kaufmann Emilie,2
Chambaz Antoine,2
Interdonato Giovanni,5
Ngo Hien Quoc,4
Larsson Erik G.,5
Frenger Pål,4
Becker Ruben,3
Forster Sebastian,3
Karrenbauer Andreas,3
Lenzen Christoph,3
Liu Qiang,2
Wang Dilin,2
Kaplan Andee,3
Hare Eric,1
Webster Matt,6
Western David,6
Araiza-Illan Dejanira,6
Dixon Clare,6
Eder Kerstin,6
Fisher Michael,6
Pipe Anthony G.,6
Lange Jan-Hendrik,3
Pfetsch Marc E.,3
Seib Bianca M.,3
Tillmann Andreas M.,3
Christandl Matthias,2
Vrana Péter,2
Zuiddam Jeroen,3
Kapitanyuk Yuri A.,2
Proskurnikov Anton V.,5
Cao Ming,5
Taghvafard Hadi,2
Barkan Oren,3
Koenigstein Noam,3
Yogev Eylon,3
Katz Ori,3
Moscovich Amit,2
Jaffe Ariel,2
Nadler Boaz,2
Ardakanian Omid,5
Dobbe Roel,5
von Meier Alexandra,5
Low Steven,5
Tomlin Claire,5
Koroglu Mehmet E.,1
Sarı Mustafa,1
Cai Zhiqiang,2
Cao Shuhao,2
Falgout Robert D.,2
Wang Yong,0
Nordman Daniel,2
Vardeman Stephen,2
Monzón Gabriel,0
Han Yijie,0
Giscard Pierre-Louis,4
Kriege Nils,2
Wilson Richard C.,4
Eftekhari Armin,3
Wakin Michael B.,3
Li Ping,3
Constantine Paul G.,3
Mani Nija,2
Gursaran Nija,2
Mani Ashish,2
Razlighi Mohsen Mohammadkhani,1
Zlatanov Nikola,1
Moon Kevin R.,2
Sricharan Kumar,2
Hero Alfred O.,2
Ansari Ebrahim,5
Sadreddini M. H.,5
Grandinetti Lucio,5
Radinmehr Mahsa,5
Khosravan Ziba,5
Sheikhalishahi Mehdi,5
Pettersson William,9
Ozlen Melih,1
Kozachinskiy Alexander,1
Shen Alexander,1
Abdulla Parosh Aziz,3
Atig Mohamed Faouzi,3
Bouajjani Ahmed,3
Ngo Tuan Phong,3
Anshel Iris,3
Atkins Derek,3
Goldfeld Dorian,3
Gunnells Paul E.,3
Athey Susan,1
Wager Stefan,1
Dinitz Michael,2
Ephraim Naomi,1
Zhang Wei,7
Hu Shengnan,3
Liu Kan,3
Zha Zhengjun,3
Hellmuth Marc,3
Fritz Adrian,3
Wieseke Nicolas,3
Stadler Peter F.,3
Chen Zhehui,3
Yang Lin F.,5
Li Chris J.,3
Zhao Tuo,7
Stadie Bradly C.,2
Abbeel Pieter,12
Sutskever Ilya,2
Chen Yijia,2
Elberfeld Michael,2
Müller Moritz,3
Osband Ian,3
Van Roy Benjamin,3
Russo Daniel,3
Wen Zheng,3
Kim Jae-Won,1
No Jong-Seon,1
Slavnov Sergey,0
Frison Gianluca,4
Kouzoupis Dimitris,4
Sartor Tommaso,4
Zanelli Andrea,4
Diehl Moritz,4
Manteuffel Thomas A.,3
Munzenmaier Steffen,3
Ruge John,3
Southworth Ben S.,3
Tempo Roberto,3
Friedkin Noah E.,7
Javanmard Adel,1
Lee Jason D.,1
Athiwaratkun Ben,1
Wilson Andrew Gordon,1
Benedikt Michael,2
Bourhis Pierre,2
Boom Michael Vanden,2
Landsberg Joseph M.,4
Kilinc Ozsel,1
Uysal Ismail,1
Remes Sami,2
Heinonen Markus,2
Kaski Samuel,2
Peltomäki Jarkko,2
Salo Ville,1
Karimpanal Thommen George,1
Bouffanais Roland,1
Steeg Greg Ver,9
Harutyunyan Hrayr,3
Moyer Daniel,3
Galstyan Aram,9
Rybakov Mikhail,1
Shkatov Dmitry,1
Bodewes Jelco M.,3
Bodlaender Hans L.,3
Cornelissen Gunther,3
van der Wegen Marieke,3
Hareedy Ahmed,5
Lanka Chinmayi,3
Guo Nian,3
Dolecek Lara,4
Esfahanizadeh Homa,2
Pugliese Emanuele,9
Cimini Giulio,5
Patelli Aurelio,5
Zaccaria Andrea,5
Pietronero Luciano,5
Gabrielli Andrea,5
LaViers A.,5
Felsner Stefan,2
Mészáros Tamás,2
Micek Piotr,2
Chitnis Rajesh,2
Feldmann Andreas Emil,2
Manurangsi Pasin,2
Rong Yi,2
Wang Yang,6
Xu Zhiqiang,2
Glaser Joshua I.,5
Benjamin Ari S.,5
Chowdhury Raeed H.,5
Perich Matthew G.,5
Miller Lee E.,5
Kording Konrad P.,5
Napolitano Lorenzo,4
Evangelou Evangelos,4
Zeppini Paolo,4
Room Graham,4
Bischl Bernd,8
Casalicchio Giuseppe,8
Feurer Matthias,7
Hutter Frank,7
Lang Michel,7
Mantovani Rafael G.,7
van Rijn Jan N.,7
Vanschoren Joaquin,7
You Lei,1
Yuan Di,1
Hespe Demian,2
Schulz Christian,2
Strash Darren,2
Sutter Tobias,3
Sutter David,3
Esfahani Peyman Mohajerin,5
Lygeros John,3
Kasis Andreas,2
Monshizadeh Nima,2
Lestas Ioannis,2
Baaser Herbert,2
Martin Robert J.,2
Neff Patrizio,2
Colledanchise Michele,1
Ögren Petter,1
Lotz Martin,0
Neider Daniel,3
Weinert Alexander,2
Zimmermann Martin,2
Koksal Mehmet Emir,0
Chu Lingyang,8
Wang Zhefeng,5
Pei Jian,8
Zhang Yanyan,5
Yang Yu,9
Chen Enhong,5
Corbière Charles,3
Ben-Younes Hedi,3
Ramé Alexandre,3
Ollion Charles,3
Brasser Ferdinand,5
Capkun Srdjan,5
Dmitrienko Alexandra,5
Frassetto Tommaso,5
Kostiainen Kari,5
Sadeghi Ahmad-Reza,5
Hottung André,2
Tanaka Shunji,2
Tierney Kevin,2
Yamakami Tomoyuki,0
Eskandarian Saba,1
Zaharia Matei,2
Tu Peihan,0
Hubička Jan,3
Konečný Matěj,3
Nešetřil Jaroslav,3
Samiee Mehdi,2
Zayernouri Mohsen,2
Meerschaert Mark M.,2
Cheng Yu,7
Wang Duo,3
Zhou Pan,3
Zhang Tao,6
Kavaler Itay,1
Smorodinsky Rann,1
Mei Wenjun,4
Cisneros-Velarde Pedro,4
Chen Ge,4
Bullo Francesco,6
Zheng Xuehang,4
Chun Il Yong,4
Li Zhipeng,4
Long Yong,4
Fessler Jeffrey A.,4
Ghaffari Mohsen,2
Harris David G.,6
Kuhn Fabian,2
Lairez Pierre,0
Kronbichler Martin,1
Kormann Katharina,1
Chen Kehai,4
Wang Rui,4
Utiyama Masao,4
Sumita Eiichiro,4
Zhao Tiejun,4
Sripad Shashank,4
Kulandaivel Sekar,4
Pande Vikram,4
Sekar Vyas,4
Viswanathan Venkatasubramanian,4
Li Xiaocheng,2
Zhong Huaiyang,2
Brandeau Margaret L.,2
Li Jian,3
Wang Yue,3
Lyu Michael R.,3
King Irwin,3
Bai Xiang,5
Yang Mingkun,5
Huang Tengteng,5
Dou Zhiyong,5
Yu Rui,5
Xu Yongchao,5
Yoo Jaejun,12
Sabir Sohail,12
Heo Duchang,12
Kim Kee Hyun,12
Wahab Abdul,12
Choi Yoonseok,12
Lee Seul-I,12
Chae Eun Young,12
Kim Hak Hee,12
Bae Young Min,12
Choi Young-wook,12
Cho Seungryong,12
Ye Jong Chul,13
Wang Jiayun,2
Virtue Patrick,2
Yu Stella X.,2
Engstrom Logan,6
Tran Brandon,4
Tsipras Dimitris,6
Schmidt Ludwig,4
Madry Aleksander,6
Ostanin Igor,3
Ovchinnikov George,3
Tozoni Davi Colli,3
Zorin Denis,9
Furmanova Katarina,6
Gratzl Samuel,6
Stitz Holger,6
Zichner Thomas,6
Jaresova Miroslava,6
Lex Alexander,6
Streit Marc,6
Pham Long H.,4
Le Quang Loc,4
Phan Quoc-Sang,4
Sun Jun,4
Qin Shengchao,4
Gindra Rushin,3
Kotak Srushti,3
Natekar Asmita,3
Sharma Grishma,3
Zhang Sheng Xin,4
Chan Wing Shing,4
Peng Zi Kang,4
Zheng Shao Yong,4
Tang Kit Sang,4
Deshpande Yash,3
Mackey Lester,3
Syrgkanis Vasilis,4
Taddy Matt,4
Colcombet Thomas,1
Petrişan Daniela,1
Zehlike Meike,2
Hacker Philipp,2
Wiedemann Emil,2
LaViers Amy,12
Cuan Catie,12
Heimerdinger Madison,12
Huzaifa Umer,12
Maguire Catherine,12
McNish Reika,12
Nilles Alexandra,12
Pakrasi Ishaan,12
Bradley Karen,12
Mata Kim Brooks,12
Chakraborty Novoneel,12
Vidrin Ilya,12
Zurawski Alexander,12
Khanna Rajiv,1
Kyrillidis Anastasios,8
Foster Simon,4
Cavalcanti Ana,4
Canham Samuel,4
Woodcock Jim,4
Zeyda Frank,4
Deng Liuyuan,5
Yang Ming,5
Li Hao,20
Li Tianyi,5
Hu Bing,5
Wang Chunxiang,5
van Glabbeek Rob,2
Luttik Bas,2
Spaninks Linda,2
Contractor Danish,3
Patra Barun,3
Singla Mausam,3
Singla Parag,3
Omoomi Behnaz,1
Taleb Maryam,1
Alekseyev Max A.,0
Zhang Yihan,3
Vatedka Shashank,3
Jaggi Sidharth,6
Sarwate Anand,3
Yehezkeally Yonatan,1
Schwartz Moshe,5
Yan Claudia,5
Misra Dipendra,5
Bennnett Andrew,5
Walsman Aaron,5
Bisk Yonatan,5
Artzi Yoav,5
Kahl Thomas,0
Bassiliades Nick,0
Wang Dong,4
Szymanski Boleslaw K.,10
Abdelzaher Tarek,4
Ji Heng,4
Kaplan Lance,4
Mueller Jonas,2
Cao Guanqun,4
Iosifidis Alexandros,7
Gabbouj Moncef,7
Raghavan Vijay,4
Gottumukkala Raju,4
Malmberg Filip,1
Strand Robin,1
Caragiannis Ioannis,4
Filos-Ratsikas Aris,3
Nath Swaprava,3
Voudouris Alexandros A.,3
Sebastian Joyson,1
Diggavi Suhas,1
Shin Kijung,4
Lee Euiwoong,4
Oh Jinoh,4
Hammoud Mohammad,4
Faloutsos Christos,4
Azizzadenesheli Kamyar,1
Anandkumar Animashree,1
Liao Tianli,1
Li Nan,1
Samanta Bidisha,5
De Abir,5
Jana Gourhari,5
Chattaraj Pratim Kumar,5
Ganguly Niloy,5
Gomez-Rodriguez Manuel,5
Wang Binghui,1
Gong Neil Zhenqiang,1
Fan Fenglei,3
Su Ziyu,3
Teng Yueyang,3
Wang Ge,3
Roy Deboleena,2
Panda Priyadarshini,2
Roy Kaushik,3
Enright Jessica,2
Meeks Kitty,2
Skerman Fiona,2
Giscard P-L.,1
Wilson R. C.,1
Hu Xia,4
Hu Juhua,4
Wang Lanjun,4
Tabei Yasuo,2
Yamanishi Yoshihiro,2
Pagh Rasmus,2
Nettasinghe Buddhika,1
Krishnamurthy Vikram,1
Bayguzina Ekaterina,1
Clerckx Bruno,3
Burton Benjamin,3
Cabello Sergio,3
Kratsch Stefan,3
Vlachas Pantelis R.,4
Byeon Wonmin,4
Wan Zhong Y.,4
Sapsis Themistoklis P.,4
Koumoutsakos Petros,4
Naveiro Roi,3
Redondo Alberto,3
Insua David Ríos,3
Ruggeri Fabrizio,3
Hisano Ryohei,0
Milius Stefan,2
Pattinson Dirk,2
Wißmann Thorsten,2
Elsayed Gamaleldin F.,6
Shankar Shreya,6
Cheung Brian,6
Papernot Nicolas,6
Kurakin Alex,6
Goodfellow Ian,6
Sohl-Dickstein Jascha,6
Garrett Caelan Reed,2
Lozano-Pérez Tomás,2
Kaelbling Leslie Pack,2
Goyal Prateesh,5
Narayan Akshay,5
Cangialosi Frank,5
Narayana Srinivas,5
Alizadeh Mohammad,5
Balakrishnan Hari,5
Chen Guoxing,5
Chen Sanchuan,5
Xiao Yuan,5
Zhang Yinqian,5
Lin Zhiqiang,5
Lai Ten H.,5
Bernstein Daniel Irving,2
Blekherman Grigoriy,2
Sinn Rainer,2
Nadara Wojciech,4
Pilipczuk Marcin,5
Rabinovich Roman,4
Reidl Felix,4
Siebertz Sebastian,4
Glos Adam,4
Miszczak Jarosław Adam,1
Ziobro Michał,1
Melenk Jens Markus,1
Sauter Stefan,3
Bang Seojin,2
Yu Yaoliang,2
Wu Wei,2
Guo Song,5
Wang Kai,5
Kang Hong,5
Zhang Yujun,5
Gao Yingqi,5
Li Tao,5
Xu Ming,3
Wu Jianping,3
Wang Haohan,3
Cao Mengxin,3
Lonn Stefan,2
Radeva Petia,2
Dimiccoli Mariella,2
Uemura Taichi,0
Ashida Ryo,1
Nakagawa Kotaro,1
Wu Jialin,4
Li Dai,4
Bajaj Chandrajit,4
Ji Xiangyang,4
Islam Md Jahidul,2
Hong Jungseok,2
Sattar Junaed,3
Xue Minhui,3
Yuan Xin,3
Lee Heather,3
Ross Keith,3
Lavoie Erick,3
Hendren Laurie,3
Desprez Frederic,3
Correia Miguel,3
Forestier Sébastien,2
Vodenicarevic Damir,2
Laversanne-Finot Adrien,2
Spampinato C.,4
Palazzo S.,4
D'Oro P.,4
Giordano D.,4
Shah M.,4
Ajala Olaoluwapo,3
Dominguez-garcia Alejandro,3
Sauer Peter,3
Liberzon Daniel,3
Lim Bryan,3
van der Schaar Mihaela,1
Tian Ye,2
Sun Ying,2
Scutari Gesualdo,2
Kott Alexander,10
Théron Paul,10
Drašar Martin,10
Dushku Edlira,10
LeBlanc Benoît,10
Losiewicz Paul,10
Guarino Alessandro,10
Mancini Luigi,10
Panico Agostino,10
Pihelgas Mauno,10
Rzadca Krzysztof,10
Sun Lizhe,2
Guo Yangzi,2
Barbu Adrian,3
Partovi Alireza,1
Lin Hai,1
Shen Macheng,3
Habibi Golnaz,10
How Jonathan P.,10
Benner Peter,3
Heinkenschloss Matthias,3
Saak Jens,3
Weichelt Heiko K.,3
Sun Haoran,1
Hong Mingyi,1
Ding Jintai,3
Kim Seungki,3
Takagi Tsuyoshi,3
Wang Yuntao,3
Björnson Emil,6
Zubiaga Arkaitz,0
Blake Andrew,6
Bordallo Alejandro,6
Brestnichki Kamen,6
Hawasly Majd,6
Penkov Svetlin,7
Ramamoorthy Subramanian,7
Silva Alexandre,6
López-Raventós Álvaro,3
Wilhelmi Francesc,3
Barrachina-Muñoz Sergio,3
Bellalta Boris,3
Mai Tung,1
Vazirani Vijay,1
Yu Shujian,6
Wickstrøm Kristoffer,3
Jenssen Robert,3
Principe Jose C.,3
Gumussoy Suat,1
Abu-Khalaf Murad,1
Huang Zhiyi,3
Tang Zhihao Gavin,3
Wu Xiaowei,3
Zhang Yuhao,3
Delpeuch Antonin,1
Vicary Jamie,1
Ruf Boitumelo,5
Thiel Laurenz,2
Weinmann Martin,2
Sial Muhammad Nadeem,4
Deng Yansha,4
Ahmed Junaid,4
Nallanathan Arumugam,4
Dohler Mischa,4
Kuo Kevin,0
Cai Guanyu,3
Wang Yuqin,3
Zhou Mengchu,3
He Lianghua,3
Garg Sahil,7
Rish Irina,7
Cecchi Guillermo,7
Goyal Palash,7
Ghazarian Sarik,7
Gao Shuyang,7
Frey Seth,1
Sumner Robert W,1
Aronov Boris,2
Bar-On Gali,2
Katz Matthew J.,2
Zhang Yujia,5
Kampffmeyer Michael,5
Liang Xiaodan,5
Zhang Dingwen,5
Tan Min,5
Xing Eric P.,5
Choshen Leshem,1
Abend Omri,1
Peng Cheng,1
Isler Volkan,3
Harshan J.,2
Joshi Rohit,2
Rao Manish,2
Liu Xin,4
Hu Zhikai,3
Ling Haibin,9
Cheung Yiu-ming,3
Liu Guangcan,3
Liu Qingshan,3
Yuan Xiao-Tong,3
Wang Meng,7
Mahapatra Dwarikanath,0
Qiaosheng Dwarikanath,3
Zhang Dwarikanath,3
Bakshi Mayank,3
Kwon Hyoukjun,5
Chatarasi Prasanth,5
Pellauer Michael,5
Parashar Angshuman,5
Sarkar Vivek,5
Krishna Tushar,5
Liu Fuqiang,1
Liu C.,3
Chang Dong Eui,1
Lee Taeyoung,1
Zusai Dai,0
Zheng Qi,3
You Xinge,3
Peng Qinmu,3
Akyürek Ekin,2
Dayanık Erenay,2
Yuret Deniz,2
Agarwal Naman,1
Gonen Alon,1
Wu Jin,3
Liu Ming,3
Zhou Zebo,3
Li Rui,3
Matthews Charles,1
Weare Jonathan,1
Liu Kin Sum,3
Xiao Chaowei,3
Li Bo,12
Gao Jie,3
Salekin Md Sirajus,2
Jelodar Ahmad Babaeian,2
Kushol Rafsanjany,2
Mehta Vineet,3
Yadav Devendra Pratap,3
Katta Sai Srinadhu,3
Dhall Abhinav,3
Ding Zeyu,4
Wang Yuxin,4
Wang Guanhong,4
Zhang Danfeng,4
Kifer Daniel,4
Le Tuan Anh,4
Kosiorek Adam R.,10
Siddharth N.,4
Teh Yee Whye,4
Wood Frank,4
Gan Wensheng,8
Lin Jerry Chun-Wei,8
Fournier-Viger Philippe,5
Chao Han-Chieh,8
Tseng Vincent S.,5
Yu Philip S.,8
Vivoli Valentina Caprara,2
Ribeiro Jérémy,2
Wehner Stephanie,2
Ha Heonseok,4
Hwang Uiwon,4
Hong Yongjun,4
Jang Jahee,4
Yoon Sungroh,4
Santha Miklos,4
Sikora Jamie,4
Sundaram Aarthi,6
Jafari Saeid,1
Savla Ketan,1
Pan Victor Y.,0
Santurkar Shibani,4
Turner Alexander,4
Ravishankar Saiprasad,2
Ma Anna,2
Needell Deanna,2
Lin Tianyi,3
Fan Chenyou,3
Wang Mengdi,3
Jordan Michael I.,5
Li Xiaopeng,3
Zhu Guanyu,3
Han Muxin,3
Wang Xin,3
Ajayi Tayo,5
Mildebrath David,5
Ubaru Shashanka,5
Kollias Georgios,5
Bouchard Kristofer,5
Liu Tianyi,4
Li Shiyang,4
Shi Jianping,4
Zhou Enlu,4
Liu F.,2
Bi F.,2
Geyer Kelly,2
Kalev Amir,2
Maier-Hein Lena,37
Eisenmann Matthias,37
Reinke Annika,37
Onogur Sinan,37
Stankovic Marko,37
Scholz Patrick,37
Arbel Tal,37
Bogunovic Hrvoje,37
Bradley Andrew P.,37
Carass Aaron,37
Feldmann Carolin,37
Frangi Alejandro F.,37
Full Peter M.,37
van Ginneken Bram,37
Hanbury Allan,37
Honauer Katrin,37
Kozubek Michal,37
Landman Bennett A.,37
März Keno,37
Maier Oskar,37
Maier-Hein Klaus,37
Menze Bjoern H.,37
Müller Henning,37
Neher Peter F.,37
Niessen Wiro,37
Rajpoot Nasir,37
Sharp Gregory C.,37
Sirinukunwattana Korsuk,37
Speidel Stefanie,37
Stock Christian,37
Stoyanov Danail,37
Taha Abdel Aziz,37
van der Sommen Fons,37
Wang Ching-Wei,37
Weber Marc-André,37
Zheng Guoyan,37
Jannin Pierre,37
Kopp-Schneider Annette,37
Vilches Víctor Mayoral,20
Kirschgens Laura Alzola,20
Calvo Asier Bilbao,17
Cordero Alejandro Hernández,19
Pisón Rodrigo Izquierdo,14
Vilches David Mayoral,15
Rosas Aday Muñiz,16
Mendia Gorka Olalde,19
Juan Lander Usategi San,12
Ugarte Irati Zamalloa,18
Gil-Uriarte Endika,19
Tews Erik,12
Peter Andreas,12
Kapinski Norbert,5
Zielinski Jakub,5
Borucki Bartosz A.,5
Trzcinski Tomasz,5
Ciszkowska-Lyson Beata,5
Nowinski Krzysztof S.,5
Fuchs Fabian B.,6
Groth Oliver,6
Bewley Alex,6
Wulfmeier Markus,6
Vedaldi Andrea,6
Posner Ingmar,6
Wetterich C.,0
Dwork Cynthia,1
Ilvento Christina,1
Sondhi Arjun,1
Shojaie Ali,1
Uriarte Endika Gil,4
Li Hui,2
Wu Xiao-Jun,2
Durrani Tariq S.,2
Curi Sebastian,2
Levy Kfir Y.,2
Krause Andreas,2
Yan Qifa,2
Yang Sheng,2
` Michèle Wigger,2
Oliveira Johnatan S.,4
Souza Gustavo B.,4
Rocha Anderson R.,4
Deus Flávio E.,4
Marana Aparecido N.,4
Gursoy Mustafa Can,3
Basar Ertugrul,3
Pusane Ali Emre,3
Tugcu Tuna,3
Arjona-Medina Jose A.,5
Gillhofer Michael,5
Widrich Michael,5
Unterthiner Thomas,5
Brandstetter Johannes,5
Hochreiter Sepp,5
Grigo Constantin,1
Koutsourelakis Phaedon-Stelios,1
Menghi Claudio,3
Bersani Marcello,3
Rossi Matteo,3
Pietro Pierluigi San,3
Jabari Saif Eddin,3
Dilip Deepthi Mary,3
Lin DianChao,3
Thodi Bilal Thonnam,3
Atreas Nikolaos,3
Karantzas Nikolaos,3
Papadakis Manos,3
Stavropoulos Theodoros,3
Lesort Timothée,3
Stoain Andrei,3
Goudou Jean-François,3
Filliat David,5
Kraus Mathias,2
Feuerriegel Stefan,2
Oztekin Asil,2
Shinde Shweta,5
Wang Shengyi,5
Yuan Pinghai,5
Hobor Aquinas,5
Roychoudhury Abhik,5
Saxena Prateek,5
Caron Pascal,3
court Edwin Hamel-De le,3
Luque Jean-Gabriel,3
Patrou Bruno,3
Ritter Daniel,4
Rinderle-Ma Stefanie,4
Montali Marco,4
Rivkin Andrey,4
Sinha Aman,4
Hosseinalipour Seyyedali,5
Dai Huaiyu,5
Maetschke Stefan,5
Antony Bhavna,5
Ishikawa Hiroshi,5
Wollstein Gadi,5
Schuman Joel S.,5
Garvani Rahil,5
Tang Wen,3
Panahi Ashkan,3
Krim Hamid,3
Dai Liyi,3
Choi Young-Pil,3
Kalise Dante,3
Peszek Jan,3
Peters Andrés A.,3
Schwab Evan,3
Haeffele Benjamin D.,3
Vidal René,3
Charon Nicolas,3
Munir Rumaisah,1
Khan Rizwan Ahmed,1
Asher Derrik E.,11
Zaroukian Erin,2
Barton Sean L.,2
Bry François,0
Monka Sebastian,3
Kollmann Matthias,3
Grinberg Michael,3
Devriendt Karel,1
Van Mieghem Piet,1
Zhu Zining,2
Novikova Jekaterina,2
Rudzicz Frank,2
Katz Daniel S.,4
Druskat Stephan,4
Haines Robert,4
Jay Caroline,4
Struck Alexander,4
Zimmert Julian,1
Seldin Yevgeny,1
Kolarijani Arman Sharifi,2
Keviczky Tamás,2
Pendlebury Feargus,4
Pierazzi Fabio,4
Jordaney Roberto,4
Kinder Johannes,4
Cavallaro Lorenzo,4
Hu Jun,1
Ma Rui,1
Foulds James,4
Islam Rashidul,4
Keya Kamrun Naher,3
Pan Shimei,4
Jubran Ibrahim,1
Feldman Dan,1
Marra Giuseppe,3
Giannini Francesco,3
Diligenti Michelangelo,3
Gori Marco,3
Mittrick Mark,4
Richardson John,4
James Alex,4
Hanratty Timothy,4
Xu Jun,6
Yu Mengyang,6
Shao Ling,10
Zuo Wangmeng,6
Meng Deyu,12
Zhang Lei,6
Zhang David,6
van Dijk Tom,0
Apa Lucas,9
Cerrudo César,9
Huang Yongxiang,1
Chung Albert Chi-shing,1
Otter Daniel W.,2
Medina Julian R.,2
Kalita Jugal K.,2
Park Soon-Seo,4
Min Youngjae,4
Ha Jung-Su,4
Cho Doo-Hyun,4
Choi Han-Lim,4
Yin Mingzhang,1
Zhou Mingyuan,1
Feng Jianwei,1
Huang Dong,1
Vashishth Vidushi,4
Chhabra Anshuman,4
Khanna Anirudh,4
Sharma Deepak Kumar,4
Singh Jyotsna,4
da Veiga Lourenco Beirão,2
Dassi Franco,2
Russo Alessandro,2
Bashivan Pouya,2
Tensen Mark,2
DiCarlo James J,2
Molina Abel,1
Watrous John,1
Xing Chengwen,8
Jing Yindi,4
Wang Shuai,8
Ma Shaodan,4
Poor H. Vincent,4
Kourtellaris Christos K.,2
Psomas Constantinos,2
Krikidis Ioannis,2
Urteaga Iñigo,1
Wiggins Chris H.,1
Kim Evgeny,1
Klinger Roman,1
Yao Bing,9
Sun Hui,9
Zhang Xiaohui,9
Mu Yarong,9
Sun Yirong,9
Wang Hongyu,9
Su Jing,9
Zhang Mingjun,9
Yang Sihua,9
Yang Chao,9
Lee Jianchao,10
Duan Qiannan,10
Bi Sifan,10
Luo Ruen,10
Lian Yachao,10
Liu Hanqiang,10
Tian Ruixing,10
Chen Jiayuan,10
Ma Guodong,10
Gao Jinhong,10
Xu Zhaoyi,10
Chen Muhao,5
Tian Yingtao,5
Chen Haochen,5
Chang Kai-Wei,8
Skiena Steven,5
Zaniolo Carlo,5
Van Nguyen Hoa,3
Rezatofighi S. Hamid,3
Vo Ba-Ngu,3
Ranasinghe Damith C.,3
Nayak Anuj,2
Álvarez Flor,2
Kolhagen Max,2
Hollick Matthias,2
Lin Chunbin,2
Boursier Etienne,2
Papakonstantinou Yannis,2
Kumar Vishwajeet,2
Ramakrishnan Ganesh,2
Li Yuan-Fang,2
El-Hokayem Antoine,1
Falcone Yliès,1
Kirby Robert C.,1
Mitchell Lawrence,1
Nguyen-Duc Anh,3
Cruzes Daniela S.,3
Terje Snarby,3
Abrahamsson Pekka,3
Liu Chun Ting,2
Yang Ming Chuan,2
Chen Meng Chang,2
Ye Hai,1
Wang Lu,1
Nedelec Thomas,5
Abeille Marc,5
Calauzènes Clément,5
Heymann Benjamin,5
Perchet Vianney,5
Karoui Noureddine El,5
Balažević Ivana,2
Allen Carl,2
Hospedales Timothy M.,2
Abujabal Abdalghani,1
Gaspers Judith,1
Parvez Md Rizwan,3
Bolukbasi Tolga,3
Saligrama Venkatesh,3
Mao Yijie,2
Li Victor O. K.,2
Yeom Samuel,1
Tschantz Michael Carl,1
Cohen Jérémy E.,1
Gillis Nicolas,1
Gutierrez Julian,3
Harrenstein Paul,3
Perelli Giuseppe,3
Wooldridge Michael,3
Finlay Chris,3
Calder Jeff,3
Abbasi Bilal,3
Oberman Adam,3
Xu Bingjie,4
Li Junnan,4
Wong Yongkang,4
Kankanhalli Mohan S.,4
Zhao Qi,4
Adeel Ahsan,2
Gogate Mandar,2
Hussain Amir,2
Cummings Rachel,4
Krehbiel Sara,4
Mei Yajun,4
Tuo Rui,4
Zhang Wanrong,4
León Leonardo,4
Moreno-Vera Felipe,4
Castro Renato,4
Navío José,4
Capcha Marco,4
Xu Qiangeng,4
Zhang Hanwang,4
Wang Weiyue,4
Belhumeur Peter N.,4
Neumann Ulrich,4
Liu Yang,18
Lu Zhaoyang,3
Li Jing,3
Yang Tao,7
Uribe César A.,3
Lee Soomin,3
Gasnikov Alexander,3
Nedić Angelia,3
Lei Hongjiang,6
Luo Haolun,6
Park Ki-Hong,8
Ansari Imran Shafique,6
Lei Weijia,6
Pan Gaofeng,6
Alouini Mohamed-Slim,11
Lin Yu-Ting,4
Lo Yu-Lun,4
Lin Chen-Yun,4
Wu Hau-Tieng,4
Frasch Martin G.,4
Wu Chenshen,5
Herranz Luis,5
Liu Xialei,5
Wang Yaxing,5
van de Weijer Joost,5
Raducanu Bogdan,5
Alexandru Andreea B.,5
Gatsis Konstantinos,5
Shoukry Yasser,5
Seshia Sanjit A.,5
Tabuada Paulo,5
Pappas George J.,5
Li Shi,4
Pensyl Thomas,4
Srinivasan Aravind,4
Trinh Khoa,4
Dvornik Nikita,2
Mairal Julien,2
Schmid Cordelia,9
Gilpin William,0
Fillottrani Pablo Rubén,1
Keet C. Maria,1
Bjelonic Marko,6
Bellicoso C. Dario,6
de Viragh Yvain,6
Sako Dhionis,6
Tresoldi F. Dante,6
Jenelten Fabian,6
Hutter Marco,6
Bu Fan,4
Owens-Oas Derek,4
Heller Katherine,4
Zhu Xiaojin,4
Du Xiaoxiao,2
Vasudevan Ram,2
Johnson-Roberson Matthew,2
Shih Shun-Yao,2
Sun Fan-Keng,2
Lee Hung-yi,2
Ikeda Masahiro,3
Miyauchi Atsushi,3
Takai Yuuki,3
Yoshida Yuichi,3
Rossi Wilbert Samuel,2
Polderman Jan Willem,2
Frasca Paolo,2
Zhang Jiliang,1
Li Chen,1
Yang Jiachen,4
Nakhaei Alireza,4
Isele David,4
Fujimura Kikuo,4
Zha Hongyuan,4
Giusti M,1
Yakoubsohn J. -C,1
Wang Mingyuan,1
Igarashi Atsushi,4
Thiemann Peter,4
Tsuda Yuya,4
Vasconcelos Vasco T.,4
Wadler Philip,4
Park Dongwon,2
Seo Yonghyeok,2
Chun Se Young,4
Kozdoba Mark,3
Tchrakian Tigran,3
Mannor Shie,5
Giuffrida Cristiano,2
Abramo Giovanni,2
D'Angelo Ciriaco Andrea,2
Mardia Jay,4
Jiao Jiantao,4
Tánczos Ervin,4
Nowak Robert D.,4
Weissman Tsachy,9
Bagnall A.,5
Flynn M.,5
Large J.,5
Line J.,5
Bostrom A.,5
Cawley G.,5
Combes Remi Tachet des,4
Pezeshki Mohammad,4
Shabanian Samira,4
Courville Aaron,4
Bengio Yoshua,13
Caron Stéphane,2
Kheddar Abderrahmane,2
Tempier Olivier,2
Jentzen Arnulf,2
Salimova Diyora,2
Welti Timo,2
Chekole Eyasu Getahun,4
Cheramangalath Unnikrishnan,4
Chattopadhyay Sudipta,5
Ochoa Martin,4
Huaqun Guo,4
Li Wei,6
Ma Yuzhe,6
Sun Qi,6
Lin Yibo,6
Jiang Iris Hui-Ru,6
Yu Bei,6
Pan David Z.,6
Lesage-Landry Antoine,2
Chen Siyu,2
Taylor Joshua A.,2
Feillet Dominique,2
Parragh Sophie N.,2
Tricoire Fabien,2
Gao Jianfeng,9
Galley Michel,2
Li Lihong,2
Cyrus Saman,1
Lessard Laurent,2
Nickl Richard,2
van de Geer Sara,2
Wang Sven,2
Whiteland Markus A.,1
Luo Yadan,5
Li Yang,11
Shen Fumin,5
Yang Yang,5
Cui Peng,5
Huang Zi,5
Leontev Mikhail Iu.,2
Islenteva Viktoriia,2
Sukhov Sergey V.,2
Chi Yuejie,2
Lu Yue M.,2
Chen Yuxin,2
Murphy James,2
Pao Yuanyuan,2
Yuen Albert,2
Seita Daniel,8
Jamali Nawid,8
Laskey Michael,8
Tanwani Ajay Kumar,8
Berenstein Ron,8
Baskaran Prakash,8
Iba Soshi,8
Canny John,8
Goldberg Ken,8
Farrell Max H.,2
Liang Tengyuan,2
Misra Sanjog,2
Montardini Monica,3
Negri Matteo,3
Sangalli Giancarlo,3
Tani Mattia,3
Romano Matthew,7
Kuevor Prince,7
Lukacs Derek,7
Marshall Owen,7
Stevens Mia,7
Rastgoftar Hossein,7
Cutler James,7
Atkins Ella,7
Karlsson Marcus,3
Law Yann-Meing,2
Marques Alexandre Noll,2
Nave Jean-Christophe,2
Bienkowski Marcin,6
Jeż Łukasz,6
Schmidt Paweł,2
Li Yinan,1
Cheng Yujiao,3
Zhao Weiye,3
Liu Changliu,3
Tomizuka Masayoshi,3
Caylor Justine,5
Doyle Casey,5
Neigel Alexis R.,5
Korniss Gyorgy,5
Gaonkar Bilwaj,4
Edwards Matthew,4
Bui Alex,4
Brown Matthew,4
Macyszyn Luke,4
Fernique Thomas,2
Hashemi Amir,2
Sizova Olga,2
Kalash Mahmoud,2
Islam Md Amirul,2
Bruce Neil D. B.,2
Juan Lander Usategui San,13
Bascaran Xabier Perez,11
Carbajo Unai Ayucar,11
Delorme Maxence,5
García Sergio,5
Gondzio Jacek,5
Kalcsics Joerg,5
Manlove David,5
Bennett Casey C.,0
Brudfors Mikael,3
Balbastre Yael,3
Nachev Parashkev,3
Ashburner John,3
Tautenhain Camila P. S.,1
Nascimento Mariá C. V.,1
Mo Jiawei,1
He Congqing,4
Peng Li,4
Le Yuquan,4
He Jiawei,4
Zhu Xiangyu,4
Lakhan Payongkit,7
Banluesombatkul Nannapas,7
Changniam Vongsagon,7
Dhithijaiyratn Ratwade,7
Leelaarporn Pitshaporn,7
Boonchieng Ekkarat,7
Hompoonsup Supanida,7
Wilaiprasitporn Theerawit,7
Yuan Xingdi,6
Wang Tong,6
Meng Rui,6
Thaker Khushboo,6
Brusilovsky Peter,6
He Daqing,6
Trischler Adam,10
Guddanti Kishan Prudhvi,2
Weng Yang,2
Zhang Baosen,2
Dobriban Edgar,1
Liu Sifan,1
Zhao Xiaole,3
Zhang Yulun,3
Zou Xueming,3
Shridhar Kumar,8
Dash Ayushman,8
Sahu Amit,8
Pihlgren Gustav Grund,8
Alonso Pedro,8
Pondenkandath Vinaychandran,8
Kovacs Gyorgy,8
Simistira Foteini,8
Liwicki Marcus,8
Qin Zhuwei,3
Yu Fuxun,3
Liu Chenchen,3
Chen Xiang,3
Jordao Artur,3
Kloss Ricardo,3
Yamada Fernando,3
Schwartz William Robson,3
Dau Hoang Anh,7
Bagnall Anthony,7
Kamgar Kaveh,7
Yeh Chin-Chia Michael,7
Zhu Yan,7
Gharghabi Shaghayegh,7
Ratanamahatana Chotirat Ann,7
Keogh Eamonn,7
Calla Luciano A. Romero,2
Perez Lizeth J. Fuentes,2
Montenegro Anselmo A.,2
Abhishek Abhishek,4
Azad Amar Prakash,4
Ganesan Balaji,4
Anand Ashish,4
Awekar Amit,4
Gómez-Rodríguez Carlos,1
Vilares David,1
Nazari Yasamin,1
Häni Nicolai,2
Roy Pravakar,2
Gilson Matthieu,1
Pfister Jean-Pascal,1
Zohouri Hamid Reza,0
Sauer Roger A.,2
Ghaffari Reza,2
Gupta Anurag,2
Emmons Scott,1
Mucha Peter J.,1
Bednarczyk Bartosz,0
Yan Jia,3
Bi Suzhi,3
Zhang Ying-Jun Angela,3
Tao Meixia,3
Gonen Hila,1
Goldberg Yoav,1
Liu Hao,2
Figgatt C.,6
Ostrander A.,6
Linke N. M.,6
Landsman K. A.,6
Zhu D.,6
Maslov D.,6
Monroe C.,6
Palkar Shoumik,1
Gritta Milan,2
Pilehvar Mohammad Taher,2
Collier Nigel,2
Bender Matías,3
Faugère Jean-Charles,3
Perret Ludovic,3
Tsigaridas Elias,3
Yuan Yiling,4
Hu Yulin,4
Feng Hui,4
Hu Bo,4
Subramanian Sandeep,5
Lample Guillaume,11
Smith Eric Michael,5
Denoyer Ludovic,5
Ranzato Marc'Aurelio,11
Boureau Y-Lan,5
Chamon Luiz F. O.,2
Eldar Yonina C.,2
Ribeiro Alejandro,7
Hofert Marius,2
Prasad Avinash,2
Zhu Mu,2
Oikawa Issei,0
Simpson Edwin,1
Gurevych Iryna,5
Aziznejad Shayan,1
Unser Michael,1
Tagasovska Natasa,1
Lopez-Paz David,1
Fellows Matthew,3
Mahajan Anuj,3
Rudner Tim G. J.,3
Whiteson Shimon,14
Zhang Xiao-Lei,0
Rowland Eric,1
Yassawi Reem,1
Foerster Jakob N.,7
Song Francis,7
Hughes Edward,7
Burch Neil,7
Dunning Iain,7
Botvinick Matthew,7
Bowling Michael,7
Monniaux David,1
Touzeau Valentin,1
Trichelair Paul,4
Emami Ali,4
Suleman Kaheer,4
Cheung Jackie Chi Kit,4
Lee Ingoo,2
Keum Jongsoo,2
Nam Hojung,2
Cai Xiaohao,2
Pereyra Marcelo,2
McEwen Jason D.,2
Gelles Ran,1
Iyer Siddharth,1
Schwaller Philippe,5
Laino Teodoro,5
Gaudin Théophile,5
Bolgar Peter,5
Bekas Costas,5
Lee Alpha A,5
Yang Zongze,3
Yuan Zhanbin,3
Nie Yufeng,3
Wang Jungang,3
Wang Zhengwei,3
Healy Graham,3
Smeaton Alan F.,3
Ward Tomas E.,3
Ashouri Amir H.,2
Abdelrahman Tarek S.,2
Remedios Alwyn Dos,2
Long Shangbang,2
He Xin,2
Yao Cong,2
Hamon Francois P.,1
Mallison Bradley T.,1
Moore Matthew,0
Benhardt John,3
Hase Peter,3
Zhu Liuyi,3
Rudin Cynthia,3
Wang Miaoyan,1
Li Lexin,1
Alias Mohd Almie,1
Buenzli Pascal R,1
Figueredo Luis Felipe Cruz,2
Adorno Bruno Vilhena,2
Ishihara João Yoshiyuki,2
Conner Austin,4
Ventura Emanuele,4
Wang Yao,4
Tang Min,2
Wang Li,2
Zhang Xiaojiang,2
Guarino Agostino,2
Fiore Davide,3
di Bernardo Mario,3
Sodhani Shagun,2
Chandar Sarath,2
Bergman Doron L.,0
Keya Kamrun,3
Wang Shyue-Liang,4
Maro Jean-Matthieu,1
Benosman Ryad,1
Kommrusch Steve,5
Pouchet Louis-Noël,5
Cheng Weiyu,3
Shen Yanyan,3
Zhu Yanmin,3
Huang Linpeng,3
Kumari Suchi,1
Singh Anurag,1
Jha Saurav,2
Sudhakar Akhilesh,2
Singh Anil Kumar,2
Xiao Yunming,1
Wu Bin,1
Chen Yutao,3
Bruschetta Mattia,3
Picotti Enrico,3
Beghi Alessandro,3
Wang Lichen,6
Wu Jiaxiang,6
Huang Shao-Lun,6
Zheng Lizhong,6
Xu Xiangxiang,6
Zhang Lin,6
Huang Junzhou,13
Briat Corentin,1
Khammash Mustafa,1
Rhebergen Sander,1
Wells Garth N.,1
Byrka Jarosław,5
Chrobak Marek,5
Coester Christian,5
Koutsoupias Elias,5
Webb Marcus,2
Coppé Vincent,2
Huybrechs Daan,2
Zhou Peng,6
Chen Bor-Chun,6
Han Xintong,6
Najibi Mahyar,6
Shrivastava Abhinav,9
Lim Ser Nam,6
Davis Larry S.,6
Wang Zirui,3
Dai Zihang,6
Póczos Barnabás,3
Carbonell Jaime,3
El-Nouby Alaaeldin,7
Sharma Shikhar,7
Schulz Hannes,7
Hjelm Devon,7
Asri Layla El,7
Kahou Samira Ebrahimi,7
Taylor Graham W.,7
Dankar Apoorv,5
Verma Anand,5
Saxena Utkarsh,5
Kaushik Divya,5
Chatterjee Shouri,5
Bhowmik Debanjan,5
Kim Daegeon,1
Kim Huy Kang,1
Lundervold Alexander Selvikvåg,1
Lundervold Arvid,1
Fu Yang,5
Wei Yunchao,5
Wang Guanshuo,5
Zhou Yuqian,5
Shi Honghui,5
Huang Thomas,5
Garnett Noa,4
Cohen Rafi,4
Pe'er Tomer,4
Lahav Roee,4
Levi Dan,4
Kalluri Tarun,3
Chandraker Manmohan,3
Jawahar C V,3
Coskun Huseyin,0
Hotz Matthias,1
Utschick Wolfgang,1
Hu Hou-Ning,7
Cai Qi-Zhi,7
Wang Dequan,7
Lin Ji,7
Sun Min,7
Krähenbühl Philipp,7
Darrell Trevor,11
Yu Fisher,7
Subedar Mahesh,4
Krishnan Ranganath,4
Meyer Paulo Lopez,4
Tickoo Omesh,4
Huang Jonathan,4
Chen Jinghui,3
Zhou Dongruo,3
Yi Jinfeng,3
Gu Quanquan,3
Gallicchio Claudio,1
Zhuang Juntang,3
Yang Junlin,3
Gu Lin,3
Dvornek Nicha,3
Shi Yu,4
He Xinwei,4
Zhang Naijing,4
Yang Carl,4
Han Jiawei,4
Bailo Rafael,2
Carrillo Jose A.,2
Hu Jingwei,2
Zheng Huangjie,7
Xie Lingxi,12
Ni Tianwei,7
Zhang Ya,7
Wang Yan-Feng,7
Tian Qi,12
Fishman Elliot K.,7
Yuille Alan L.,7
Bai Yutong,5
Liu Qing,5
Qiu Weichao,5
Zheng Yan,5
Yuille Alan,5
Wang Xiaozhou,3
Yang Zhuoyi,3
Chen Xi,3
Liu Weidong,3
Traonmilin Yann,1
Aujol Jean-François,1
Quiroz Adolfo,2
Ramírez-Amaya Simón,2
Riascos Álvaro,2
Aftalion Amandine,1
Martinon Pierre,1
Vedder Kyle,1
Biswas Joydeep,1
Braverman Vladimir,2
Krauthgamer Robert,2
Narvekar Sanmit,1
Stone Peter,1
Shanmugam Divya,2
Blalock Davis,2
Guttag John,2
Li Jie,5
Ji Rongrong,5
Liu Hong,5
Hong Xiaopeng,5
Gao Yue,5
Zhang Xinyang,5
Wang Ningfei,5
Shen Hua,5
Ji Shouling,11
Luo Xiapu,5
Wang Ting,5
Schwab Johannes,2
Antholzer Stephan,2
Haltmeier Markus,2
Zeng Yu,2
Jiang Kebei,2
Chen Jie,10
Chen Mingzhe,4
Semiari Omid,4
Saad Walid,4
Liu Xuanlin,4
Yin Changchuan,4
Zhao Yue,3
Nasrullah Zain,3
Hryniewicki Maciej K.,3
Li Zheng,3
Kanazawa Angjoo,3
Zhang Jason Y.,3
Felsen Panna,3
Malik Jitendra,3
Zheng Tianhang,4
Chen Changyou,4
Yuan Junsong,4
Ren Kui,4
Rho Nao,9
Lee John A.,9
Kaczmarzyk Jakub R.,9
Zheng Charles,9
Ghosh Satrajit S.,9
Nielson Dylan,9
Thomas Adam G.,9
Bandettini Peter,9
Pereira Francisco,9
Gao Mengya,7
Shen Yujun,7
Li Quanquan,7
Yan Junjie,7
Wan Liang,7
Lin Dahua,9
Loy Chen Change,9
Tang Xiaoou,7
Kundu Sudeep,1
Pani Amiya Kumar,1
Nugroho Sebastian A.,2
Taha Ahmad F.,2
Claudel Christian,2
Sepulcre Miguel,1
Gozalvez Javier,1
Chen Zhiqin,1
Zhang Hao,1
Wangperawong Artit,0
Park Jihong,3
Samarakoon Sumudu,3
Bennis Mehdi,3
Debbah Mérouane,3
Allcock Jonathan,3
Hsieh Chang-Yu,3
Kerenidis Iordanis,3
Zhang Shengyu,3
Ramapuram Jason,4
Diephuis Maurits,4
Lavda Frantzeska,4
Webb Russ,4
Kalousis Alexandros,4
Liu Hui,1
Chen Zhangxin,1
Zhang Xin,3
Liu Jia,3
Zhu Zhengyuan,3
Bentley Elizabeth S.,3
Chaplick Steven,5
van Dijk Thomas C.,5
Kryven Myroslav,5
Park Ji-won,5
Ravsky Alexander,5
Wolff Alexander,5
Wang Shenhao,2
Wang Qingyi,2
Zhao Jinhua,2
Giesbrecht Mark,2
Haraldson Joseph,2
Labahn George,2
Salem Milad,3
Taheri Shayan,3
Shiun-Yuan Jiann,2
Yuan Jiann Shiun,2
Parisotto Simone,3
Lellmann Jan,3
Masnou Simon,3
Schönlieb Carola-Bibiane,7
Shani Lior,2
Efroni Yonathan,2
Ma Dabiao,3
Su Zhiba,3
Wang Wenxuan,3
Lu Yuhao,3
Peyre Julia,3
Laptev Ivan,3
Sivic Josef,3
Haarnoja Tuomas,10
Zhou Aurick,10
Hartikainen Kristian,10
Tucker George,10
Ha Sehoon,10
Tan Jie,10
Kumar Vikash,10
Zhu Henry,10
Gupta Abhishek,10
Levine Sergey,10
Kowalczyk Damian Konrad,1
Larsen Jan,1
Li Tian,5
Sahu Anit Kumar,5
Zaheer Manzil,10
Sanjabi Maziar,5
Talwalkar Ameet,5
Smith Virginia,5
Çakıroǧlu Yaǧmur,1
Yayla Oǧuz,1
Wu Dongrui,3
Tan Xianfeng,1
Cooper Susan M.,4
Seceleanu Alexandra,4
Tohaneanu Stefan O.,4
Pinto Maria Vaz,4
Villarreal Rafael H.,6
Zhao Mingde,3
Ge Hongwei,3
Lian Yi,3
Zhang Kai,3
Krishnan Neelakantan Nurani,5
Torkildson Eric,5
Mandayam Narayan,5
Raychaudhuri Dipankar,5
Rantala Enrico-Henrik,5
Doppler Klaus,5
Pulch Roland,1
Narayan Akil,1
Marinho Eraldo Pereira,0
Turkay Cagatay,9
Pezzotti Nicola,9
Binnig Carsten,9
Strobelt Hendrik,9
Hammer Barbara,9
Keim Daniel A.,9
Fekete Jean-Daniel,9
Palpanas Themis,9
Wang Yunhai,9
Rusu Florin,9
Tretiak Krasymyr,1
Ruprecht Daniel,1
Gan Zhe,4
Li Yitong,4
Liu Jingjing,4
Zarebavani Behrooz,3
Jafarinejad Foad,3
Hashemi Matin,3
Salehkaleybar Saber,3
Devillers Olivier,3
Duchon Philippe,3
Glisse Marc,3
Goaoc Xavier,3
Zhou Li,3
Li Di,3
Shum Heung-Yeung,3
Akitaya Hugo A.,4
Buchin Maike,4
Kilgus Bernhard,4
Sijben Stef,4
Wenk Carola,4
Kosta Antzela,3
Pappas Nikolaos,3
Ephremides Anthony,3
Angelakis Vangelis,3
Baskaran Xabier Perez,7
de Urabain Odei Olalde Saez,7
Basaran Emrah,2
Tesfaye Yonatan Tariku,2
Shah Mubarak,2
Wang Zi-Rui,2
Du Jun,2
Wang Jia-Ming,2
Voynov Oleg,6
Artemov Alexey,6
Egiazarian Vage,6
Notchenko Alexander,6
Bobrovskikh Gleb,6
Burnaev Evgeny,6
Su Jinming,4
Li Jia,4
Zhang Yu,7
Xia Changqun,4
Tian Yonghong,4
Nozhati Saeed,3
Sarkale Yugandhar,3
Chong Edwin K. P.,3
Ellingwood Bruce R.,3
Chen Jinyuan,1
Geng Chunhua,1
Jin Shi,2
Li Lei,2
Liu Jian-Guo,2
Boffi Nicholas M.,1
Slotine Jean-Jacques E.,1
Battistelli Giorgio,3
Chisci Luigi,3
Forti Nicola,3
Gherardini Stefano,3
Belkin Mikhail,3
Hsu Daniel,3
Ma Siyuan,3
Mandal Soumik,3
Evans David,3
Mittal Gaurav,1
Giri Ankik Kumar,1
Hu Xin,2
Wang Guoyin,2
Duan Jiangli,2
Zheng Kaiyu,1
Pronobis Andrzej,2
Xiong Hao,4
Wang Chaoyue,4
Tao Dacheng,4
Barnett Michael,4
Wang Chenyu,4
Weerts Harm H. M.,3
Linder Jonas,3
Enqvist Martin,3
Hof Paul M. J. Van den,3
Kannan Harish,3
Saucan Emil,3
Roy Indrava,3
Samal Areejit,3
Garbacea Cristina,3
Carton Samuel,3
Yan Shiyan,3
Mei Qiaozhu,3
Cai Han,4
Chrisnata Johan,4
Etzion Tuvi,4
Wachter-Zeh Antonia,4
Li Xurong,6
Han Meng,6
Ji Juntao,6
Ren Zhenyu,6
Liu Yushan,6
Wu Chunming,6
Mishra Suraj,4
Liang Peixian,4
Czajka Adam,4
Chen Danny Z.,4
Hu X. Sharon,4
He Xuan,3
Cai Kui,3
Song Wentu,3
Mei Zhen,3
Tielen R.,3
Möller M.,3
Göddeke D.,3
Vuik C.,3
Wu Baoyuan,7
Chen Weidong,7
Fan Yanbo,7
Zhang Yong,7
Hou Jinlong,7
Liu Jie,7
Zhang Tong,7
Doriguzzi-Corin Roberto,4
Scott-Hayward Sandra,4
Siracusa Domenico,4
Savi Marco,4
Salvadori Elio,4
Chen Zimin,5
Tufano Michele,5
Poshyvanyk Denys,5
Monperrus Martin,5
Chen Xu,2
Song Jie,2
Hilliges Otmar,2
Song Yu,1
Gong Shengping,1
Blum Roman,1
Bocek Thomas,1
Zhao Xin,8
Liu Zhe,3
Hu Ruolan,3
Huang Kaiqi,3
Hof B. van 't,1
Vuik M. J.,1
Sengupta Soumyadip,5
Gu Jinwei,5
Kim Kihwan,5
Liu Guilin,5
Jacobs David W.,5
Kautz Jan,5
Ger Stephanie,1
Klabjan Diego,1
Azer Erfan Sadeqi,4
Khot Tushar,4
Sabharwal Ashish,4
Roth Dan,10
Yereniuk Michael A.,1
Olson Sarah D.,1
Kashyap Vineeth,8
Ruchti Jason,8
Kot Lucja,8
Turetsky Emma,8
Swords Rebecca,8
Pan Shih An,8
Henry Julien,8
Melski David,8
Schulte Eric,8
Kumar Nitish,1
Coros Stelian,1
Cambier Léopold,5
Chen Chao,5
Boman Erik G,5
Rajamanickam Sivasankaran,5
Tuminaro Raymond S.,5
Darve Eric,5
Agrell Christian,0
Gorman Alexi Block,7
Hieronymi Philipp,7
Kaplan Elliot,7
Meng Ruoyu,7
Walsberg Erik,7
Wang Zihe,7
Xiong Ziqin,7
Yang Hongru,7
Warstadt Alex,1
Bowman Samuel R.,1
Pluchino Alessandro,6
Burgio Giulio,6
Rapisarda Andrea,6
Biondo Alessio Emanuele,6
Pulvirenti Alfredo,6
Ferro Alfredo,6
Giorgino Toni,6
Hadjeres Gaëtan,1
Nielsen Frank,1
Chen Huangxun,4
Huang Chenyu,4
Huang Qianyi,4
Zhang Qian,10
Wang Wei,4
Pálvölgyi Dömötör,0
Dattani Nike,0
Calikus Ece,4
Nowaczyk Slawomir,4
Sant'Anna Anita,4
Gadd Henrik,4
Werner Sven,4
Angiulli Fabrizio,0
Haldara Achintya,4
Camachob J. Ramon Gaxiola,4
Azizsoltanic Hamoon,4
Villegas-Mercadoa Francisco J.,4
Vazirizadea S. Mohsen,4
Doan Thang,3
Veira Neil,3
Ray Saibal,3
Keng Brian,3
Li Yiting,2
Liu Lu,2
Tan Robby T.,2
Kazempour Narges,2
Mirmohseni Mahtab,2
Aref Mohammad Reza,2
Masoudi Samira,4
Razi Afsaneh,4
Wright Cameron H. G.,4
Gatlin Jay C.,4
Bagci Ulas,4
Sharf Miel,2
Jain Anoop,2
Zelazo Daniel,2
Xu Zhi-Qin John,4
Zhang Yaoyu,4
Luo Tao,4
Xiao Yanyang,4
Ma Zheng,4
Koch William,2
Mancuso Renato,2
Bestavros Azer,2
Markgraf Oliver,1
Chaskalovic Joel,1
Assous Franck,1
Jiang Wei,4
Sun Weiwei,4
Tagliasacchi Andrea,4
Trulls Eduard,4
Yi Kwang Moo,4
Lee Joohyung,4
Oh Ji Eun,4
Kim Min Ju,4
Hur Bo Yun,4
Sohn Dae Kyung,4
Bremer James,2
Pang Qiyuan,2
Yang Haizhao,2
Haunschild Robin,1
Marx Werner,1
Breger Anna,8
Orlando Jose Ignacio,8
Harar Pavol,8
Dörfler Monika,8
Klimscha Sophie,8
Grechenig Christoph,8
Gerendas Bianca S.,8
Schmidt-Erfurth Ursula,8
Ehler Martin,8
Gouk Henry,2
Pfahringer Bernhard,2
Frank Eibe,2
Tatsuoka Fuminori,3
Sogabe Tomohiro,3
Miyatake Yuto,3
Zhang Shao-Liang,3
Huang Ke-Wei,4
Qiao Mengke,4
Liu Xuanqi,4
Liu Siyuan,4
Dai Mingxi,4
Zohren Stefan,2
Roberts Stephen,2
Roy Quentin,4
Guiard Yves,4
Bailly Gilles,4
Lecolinet Eric,4
Rioul Olivier,4
Kim Jungtaek,1
Choi Seungjin,1
Li Xuesong,5
Guivant Jose,5
Kwok Ngaiming,5
Xu Yongzhi,5
Li Ruowei,5
Wu Hongkun,5
Li Chongxuan,5
Du Chao,5
Xu Kun,5
Welling Max,5
Zhu Jun,5
Zhang Bo,5
Lezcano-Casado Mario,1
Martínez-Rubio David,1
Zuev Egor,0
Chorowski Jan,3
Weiss Ron J.,3
Bengio Samy,3
Oord Aäron van den,3
Gu Zhuojia,2
Lu Hancheng,2
Zhu Zuqing,2
Borges Carlos,1
Biros George,1
Zhou Xiao-Yun,3
Zheng Jian-Qing,3
Li Peichao,3
Yang Guang-Zhong,3
Milz Stefan,3
Simon Martin,3
Fischer Kai,3
Pöpperl Maximillian,3
Charoenphakdee Nontawat,2
Lee Jongyeong,2
Sugiyama Masashi,2
Aigner-Horev Elad,1
Segal-Halevi Erel,1
Bracco Cesare,3
Giannelli Carlotta,3
Kapl Mario,3
Vázquez Rafael,5
Kriege Nils M.,8
Bause Franka,3
Aicher Christopher,4
Putcha Srshti,4
Nemeth Christopher,4
Fearnhead Paul,4
Fox Emily B.,4
Emmerich Paul,5
Pudelko Maximilian,5
Bauer Simon,5
Huber Stefan,5
Zwickl Thomas,5
Carle Georg,5
Keller Sebastian Mathias,3
Samarin Maxim,3
Wieser Mario,3
Roth Volker,3
Anil Rohan,3
Gupta Vineet,3
Koren Tomer,3
Singer Yoram,3
Paul Elijah,3
Pogudin Gleb,3
Qin William,3
Laubenbacher Reinhard,3
Li Chaochao,6
Lv Pei,6
Manocha Dinesh,6
Wang Hua,11
Li Yafei,6
Zhou Bing,6
Xu Mingliang,6
Yang Hengjie,1
Wesel Richard D.,1
Bondarenko Olha,2
Mantulenko Svitlana,2
Pikilnyak Andrey,2
Xu Jiacheng,1
Durrett Greg,1
Li Jing-Rebecca,9
Nguyen Van-Dang,9
Tran Try Nguyen,9
Valdman Jan,9
Trang Bang Cong,9
Van Nguyen Khieu,9
Son Vu Duc Thach,9
Tran Hoang An,9
Tran Hoang Trong An,9
Nguyen Thi Minh Phuong,9
Schlachter Patrick,2
Liao Yiwen,2
Yang Bin,2
McGillivray Barbara,1
Astell Mathias,1
Guzmán Francisco,7
Chen Peng-Jen,7
Ott Myle,7
Pino Juan,7
Koehn Philipp,7
Chaudhary Vishrav,7
Lai Guokun,3
Yang Yiming,3
Yoo Shinjae,3
Jun Kwang-Sung,1
Orabona Francesco,1
Chen Jialei,6
Xie Yujia,6
Wang Kan,6
Zhang Chuck,6
Vannan Mani A.,6
Wang Ben,6
Qian Zhen,6
Ishizaki Takayuki,4
Sasahara Hampei,4
Inoue Masaki,4
Kawaguchi Takahiro,4
Imura Jun-ichi,4
Yang Wei,9
Xie Yuqing,7
Lin Aileen,7
Li Xingyu,7
Tan Luchen,7
Xiong Kun,7
Li Ming,7
Lin Jimmy,9
Dangel Felix,2
Hennig Philipp,2
Harmeling Stefan,2
Wu Mike,3
Choi Kristy,3
Goodman Noah,3
Ermon Stefano,3
Irie Kazuki,5
Prabhavalkar Rohit,5
Kannan Anjuli,5
Bruguier Antoine,5
Rybach David,5
Nguyen Patrick,5
Bender Christopher,5
O'Connor Kevin,5
Garcia Juan Jose,5
Oliva Junier,5
Tiwari Sudarshan,2
Klar Axel,2
Russo Giovanni,2
Gasser Rebekka,2
Gedicke Joscha,2
Bille Philip,4
Gørtz Inge Li,4
Gawrychowski Paweł,4
Landau Gad M.,4
Weimann Oren,4
Zhussip Magauiya,2
Soltanayev Shakarim,2
Bertrand Quentin,3
Massias Mathurin,3
Gramfort Alexandre,3
Salmon Joseph,3
Li Weiqiang,1
Liu Guizhong,1
Duncan Ross,3
Kissinger Aleks,3
Perdrix Simon,3
van de Wetering John,3
Allred Jason M.,1
Park Eunbyung,1
Oliva Junier B.,1
Padgett Joshua L,0
Sheikh Alireza,2
Amat Alexandre Graell i,2
Liva Gianluigi,2
Abrevaya Victoria Fernandez,3
Boukhayma Adnane,3
Wuhrer Stefanie,3
Boyer Edmond,3
Tian Xiaohai,2
Chng Eng Siong,2
Li Haizhou,2
Dave Achal,2
Tokmakov Pavel,2
Ramanan Deva,2
Fagnani Fabio,2
Franci Barbara,2
Leguia Marc G.,3
Levnajic Zoran,3
Todorovski Ljupco,3
Zenko Bernard,3
Zhao Xiangyu,3
Xia Long,3
Yin Dawei,3
Tang Jiliang,3
Ibtehaz Nabil,1
Rahman M. Sohel,1
Guo Tong,1
Gao Huilin,1
Kim Beomsu,5
Seo Junghoon,5
Jeon SeungHyun,5
Koo Jamyoung,5
Choe Jeongyeol,5
Jeon Taegyun,5
Buffa Annalisa,2
Puppi Riccardo,2
Cleator S. F.,4
Harrison S. P.,4
Nichols N. K.,4
Prentice I. C.,4
Roulstone I.,4
Kaiser Tanja Katharina,1
Hamann Heiko,1
Modanese Augusto,0
How Jonathan P,1
Cao Rui,6
Zhu Jiasong,6
Li Qing,6
Li Qingquan,6
Liu Bozhi,6
Qiu Guoping,6
Feng Michelle,1
Porter Mason A.,1
van de Wolfshaar Jos,1
Yu Zong-Wen,15
Zhang Weijun,15
Guan Jian-Yu,15
Chen Jiu-Peng,15
Zhang Chi,15
Hu Xiao-Long,15
Jiang Cong,15
Lin Jin,15
Chen Teng-Yun,15
You Lixing,15
Wang Zhen,15
Wang Xiang-Bin,15
Zhang Qiang,15
Pan Jian-Wei,15
Zimmermann Ralf,0
Paul Supratik,2
Kurin Vitaly,2
Casares P. A. M.,1
Martin-Delgado M. A.,1
Thomas Samuel,1
Mendes Hammurabi,1
Hassani Hamed,3
Karbasi Amin,3
Mokhtari Aryan,3
Shen Zebang,3
Fanelli Angelo,1
Haviv Doron,2
Rivkind Alexander,2
Barak Omri,2
Dvir Zeev,1
Liu Allen,1
Riazi M. Sadegh,5
Samragh Mohammad,5
Chen Hao,5
Laine Kim,5
Lauter Kristin,5
Koushanfar Farinaz,5
Shu Jun,6
Xie Qi,6
Yi Lixuan,6
Zhao Qian,6
Zhou Sanping,6
Xu Zongben,6
Chubachi Kaizaburo,3
Hendrian Diptarama,3
Yoshinaka Ryo,3
Shinohara Ayumi,3
Jamali Vahid,4
Tulino Antonia M.,4
Fischer Georg,4
Müller Ralf,4
Schober Robert,4
Passalis Nikolaos,4
Tefas Anastasios,4
Kanniainen Juho,4
Wang Ziqing,2
Malaney Robert,3
Green Jonathan,3
Reia Sandro M.,2
Gomes Paulo F.,2
Fontanari José F.,2
Zhang Ling,6
Lu Le,6
Wang Xiaosong,6
Zhu Robert M.,6
Bagheri Mohammadhadi,6
Summers Ronald M.,6
Yao Jianhua,6
Kahrobaei Delaram,2
Tortora Antonio,2
Tota Maria,2
Emiris Ioannis Z.,2
Margonis Vasilis,2
Psarros Ioannis,2
DIncecco Michele,2
Squartini Stefano,2
Zhong Mingjun,2
Wang Hai,6
Yu Dian,6
Sun Kai,6
Chen Jianshu,6
Yu Dong,12
McAllester David,6
Wang Shengfan,6
Jiang Xin,6
Zhao Jie,12
Wang Xiaoman,6
Zhou Weiguo,6
Liu Yunhui,6
IEEE Fellow,6
Kereta Zeljko,2
Klock Timo,2
Naumova Valeriya,2
Arduengo Miguel,2
Torras Carme,2
Sentis Luis,2
Childs Andrew M.,2
Schoute Eddie,2
Unsal Cem M.,2
He Mingjian,2
Zhang Xiong,4
Li Qiang,4
Mo Hong,4
Zhang Wenbo,4
Zheng Wen,4
Song Youwei,4
Wang Jiahai,4
Jiang Tao,4
Liu Zhiyue,4
Rao Yanghui,4
Krzemien Wojciech,5
Stagni Federico,5
Haen Christophe,5
Mathe Zoltan,5
McNab Andrew,5
Zdybal Milosz,5
Popovic Marija,4
Vidal-Calleja Teresa,4
Chung Jen Jen,4
Nieto Juan,7
Siegwart Roland,7
Rezaei Atefeh,3
Azmi Paeiz,3
Mokari Nader,3
Javan Mohammad Reza,3
Laveaux Maurice,2
Groote Jan Friso,2
Willemse Tim A. C.,2
Prokić Ivan,0
Zhang Runsheng,6
Huang Yaping,6
Pu Mengyang,6
Zhang Jian,6
Guan Qingji,6
Zou Qi,6
Everitt Tom,3
Ortega Pedro A.,3
Barnes Elizabeth,3
Legg Shane,3
Udeshi Sakshi,1
Mitra Joydeep,2
Ranganath Venkatesh-Prasad,2
Pareja Aldo,8
Domeniconi Giacomo,8
Ma Tengfei,8
Suzumura Toyotaro,8
Kanezashi Hiroki,8
Kaler Tim,8
Schardl Tao B.,8
Leiserson Charles E.,8
Latz Jonas,0
Wu David J.,0
Clason Christian,1
Nhu Vu Huu,1
Burke Michael,2
Calderbank Robert,1
Tolosana Ruben,3
Gomez-Barrero Marta,3
Busch Christoph,3
Ortega-Garcia Javier,3
Rosas Fernando,3
Mediano Pedro A. M.,3
Gastpar Michael,3
Jensen Henrik J.,3
Cao Michael X.,1
Vontobel Pascal O.,1
Yu Hans,2
Juniper Matthew P.,2
Magri Luca,2
Ushijima-Mwesigwa Hayato,3
Khan Zadid,3
Chowdhury Mashrur A.,3
Safro Ilya,3
Liu Ruo-Ze,7
Guo Haifeng,7
Ji Xiaozhong,7
Yu Yang,7
Pang Zhen-Jia,7
Xiao Zitai,7
Wu Yuzhou,7
Lu Tong,7
Lorenz Dirk A.,2
Manns Paul,2
Meyer Christian,2
Narita Gaku,3
Seno Takashi,3
Ishikawa Tomoya,3
Kaji Yohsuke,3
Li Minne,2
Nashikkar Pranav,2
Wang Jun,2
Rahmati Ali,2
Masařík Tomáš,0
Nahimovs Nikolajs,3
Balakirev Konstantin,3
Khadiev Kamil,3
Chen Zheng,1
Liu Lantao,1
Liao Anwen,5
Gao Zhen,5
Chen Sheng,10
Yin Hao,5
Shen Hongyu,4
Huerta E. A.,4
Zhao Zhizhen,4
Jennings Elise,4
Sharma Himanshu,4
Tang Guangzhi,2
Shah Arpit,2
Michmizos Konstantinos P.,2
Arunachalam Srinivasan,2
Grilo Alex B.,2
Agrawal Navneet,2
Frey Matthias,2
Stanczak Slawomir,2
Kottur Satwik,4
Moura José M. F.,4
Parikh Devi,4
Batra Dhruv,4
Rohrbach Marcus,4
Kim Dong Ki,9
Liu Miao,9
Omidshafiei Shayegan,9
Lopez-Cot Sebastian,9
Riemer Matthew,9
Tesauro Gerald,9
Mourad Sami,9
Campbell Murray,9
Wu Bohan,2
Akinola Iretiayo,2
Allen Peter K.,2
Asif Umar,3
Roy Subhrajit,3
Tang Jianbin,3
Harrer Stefan,3
James Jasmin,2
Ford Jason J.,2
Molloy Timothy L.,2
Xie Yutong,3
Zhang Jianpeng,3
Xia Yong,3
Shen Chunhua,3
Mittal Akash,5
Dhawan Anuj,5
Manchanda Sahil,5
Medya Sourav,5
Ranu Sayan,5
Singh Ambuj,5
Hubáček Pavel,3
Koucký Michal,3
Král Karel,3
Slívová Veronika,3
Wen Yang,2
Cao Jicheng,2
Cheng Shengyu,2
Xu Wei,8
Ng Soon Xin,5
Harakeh Ali,2
Smart Michael,2
Waslander Steven L.,2
Ying Rex,4
Bourgeois Dylan,4
You Jiaxuan,4
Zitnik Marinka,4
Leskovec Jure,4
Alyaev Sergey,4
Suter Erich,4
Bratvold Reidar,4
Hong Aojie,4
Luo Xiaodong,4
Svensson Lars,3
Bujarbaruah Monimoy,3
Kapania Nitin,3
Törngren Martin,3
Zhang Shuo,0
Zhou Fan,1
Cong Guojing,1
Narkar Aditya,2
Micheli Alessio,1
Chalaki Behdad,6
Beaver Logan E.,6
Remer Ben,6
Jang Kathy,6
Vinitsky Eugene,6
Bayen Alexandre M.,6
Malikopoulos Andreas A.,6
Zeng Zhe,1
Broeck Guy Van den,1
Kim Jaeseok,6
Cauli Nino,6
Vicente Pedro,6
Damas Bruno,6
Bernardino Alexandre,6
Santos-Victor José,6
Cavallo Filippo,6
Pan Ling,5
Cai Qingpeng,5
Meng Qi,5
Chen Wei,5
Huang Longbo,5
Liu Tie-Yan,5
Kim Dong-Jin,3
Choi Jinsoo,3
Oh Tae-Hyun,3
Kweon In So,3
Min Hancheng,1
Mallada Enrique,1
Chimani Markus,5
Dahn Christine,5
Juhnke-Kubitzke Martina,5
Mutzel Petra,5
Nover Alexander,5
Zakershahrak Mehrdad,3
Gong Ze,3
Sadassivam Nikhillesh,3
Barciś Agata,2
Barciś Michał,2
Bettstetter Christian,2
Lee Sang Il,1
Yoo Seong Joon,1
Zhang Ruohan,8
Walshe Calen,8
Liu Zhuode,8
Guan Lin,8
Muller Karl S.,8
Whritner Jake A.,8
Zhang Luxin,8
Hayhoe Mary M.,8
Ballard Dana H.,8
De Persis Claudio,1
Tesi Pietro,1
Guo Hao,2
Meamari Ehsan,2
Shen Chien-Chung,2
Agarwal Anish,4
Alomar Abdullah,4
Amjad Muhammad J.,4
Lindland Robert,4
Chen Yuxiao,1
Anderson James,1
Shukla Alok,1
Vedula Prakash,1
Van Scoy Bryan,1
Ahmadi Mohamadreza,3
Singletary Andrew,3
Burdick Joel W.,3
Ames Aaron D.,3
Kousoulidis Dimitris,1
Forni Fulvio,1
Neubig Graham,6
Dou Zi-Yi,6
Hu Junjie,6
Michel Paul,6
Pruthi Danish,6
Wang Xinyi,6
Wieting John,6
Schöller Christoph,3
Aravantinos Vincent,3
Lay Florian,3
Knoll Alois,3
Jain Sambhav R.,3
Gural Albert,3
Wu Michael,3
Dick Chris H.,3
Cervone Alessandra,6
Khatri Chandra,6
Goel Rahul,6
Hedayatnia Behnam,6
Venkatesh Anu,6
Hakkani-Tur Dilek,6
Gabriel Raefer,6
Suggala Arun Sai,1
Netrapalli Praneeth,1
Yazdani Kasra,1
Hale Matthew,1
Degen Judith,4
Hawkins Robert D.,4
Graf Caroline,4
Kreiss Elisa,4
Goodman Noah D.,4
Jaschek Tim,2
Bucyk Marko,2
Oberoi Jaspreet S.,2
Mao Jiayu,3
Eun Do Young,3
Bonomi Silvia,2
Farina Giovanni,2
Tixeuil Sébastien,2
Muthukumar Vidya,3
Vodrahalli Kailas,3
Subramanian Vignesh,3
Sahai Anant,3
Doddi Harish,3
Talukdar Saurav,3
Deka Deepjyoti,3
Salapaka Murti,3
Wang Taiyao,1
Paschalidis Ioannis Ch.,1
Salzano Davide,2
Chartsias Agisilaos,6
Joyce Thomas,6
Papanastasiou Giorgos,6
Williams Michelle,6
Newby David,6
Dharmakumar Rohan,6
Tsaftaris Sotirios A.,6
Theis Julian,2
Mokhtarian Ilia,2
Darabi Houshang,2
Pagani Filippo,2
Wiegand Martin,2
Nadarajah Saralees,2
Solinas Christopher,2
Rebstock Douglas,2
Buro Michael,2
Weng Xinshuo,0
Zhang Lamei,2
Dong Hongwei,2
Zou Bin,2
Kyatham Vinay,4
Mishra Mayank,6
Yadav Tarun Kumar,4
Mishra Deepak,4
AP Prathosh,4
Cheraghchi Mahdi,3
Gabrys Ryan,3
Milenkovic Olgica,3
Ribeiro João,3
Bonato Anthony,8
Breen Jane,8
Brimkov Boris,8
Carlson Joshua,8
English Sean,8
Geneson Jesse,8
Hogben Leslie,8
Perry K. E.,8
Reinhart Carolyn,8
Zhou Yuyang,6
Cheng Guang,6
Jiang Shanqing,6
Hu Ying,5
Zhao Yuyu,5
Chen Zihan,5
Shermin Tasfia,5
Teng Shyh Wei,5
Murshed Manzur,5
Lu Guojun,5
Sohel Ferdous,5
Paul Manoranjan,5
Tolstaya Ekaterina,5
Gama Fernando,5
Paulos James,5
Pappas George,5
Kumar Vijay,5
Sanguinetti Luca,1
Beltagy Iz,2
Lo Kyle,2
Cohan Arman,2
Kolchinsky Artemy,1
Corominas-Murtra Bernat,1
Wang Cunxiang,5
Ren Feiliang,5
Lin Zhichao,5
Zhao Chenxv,5
Xie Tian,5
Zhang Yue,5
Peixoto Tiago P.,0
Tan Yihua,2
Zhang Xiao,1
Duan Lingjie,1
Zhang Shangtong,2
Boehmer Wendelin,2
Merkx Danny,1
Frank Stefan,1
Purohit Kuldeep,1
Rajagopalan A. N.,1
Ahlin Daniel,10
Bauermeister Boris,10
Conrad Jan,10
Gardner Robert,10
Grandi Luca,10
Riedel Benedikt,10
Shockley Evan,10
Stephen Judith,10
Sundblad Ragnar,10
Thapa Suchandra,10
Tunnell Christopher,10
Verzelli Pietro,2
Alippi Cesare,2
Livi Lorenzo,2
Madge Jim,4
Colavizza Giovanni,4
Hetherington James,4
Guo Weisi,4
Wilson Alan,4
Lu Xiaoyan,1
Hitomi Yuta,7
Taguchi Yuya,7
Tamori Hideaki,7
Kikuta Ko,7
Nishitoba Jiro,7
Okazaki Naoaki,7
Inui Kentaro,7
Okumura Manabu,7
Kocharlakota A. K.,2
Upadhya K.,2
Vorobyov S. A.,3
Hansen Kristoffer Arnsfelt,1
Raskin Mikhail,1
P. Prathosh A.,2
Srivastava Varun,2
Frasca-Caccia Gianluca,1
Hydon Peter E.,1
Vankov Ivan,1
Bowers Jeffrey,1
Nijkamp Erik,4
Hill Mitch,4
Han Tian,4
Zhu Song-Chun,4
Wu Ying Nian,9
Wu Lin,4
Yin Hongzhi,4
Zhang Jingyang,3
Ding Wenhao,3
Kang Jintao,3
He Liang,3
Caselles-Dupré Hugo,2
Garcia-Ortiz Michael,2
Mehrabkhani Soheil,0
Sher A. Jang,5
Huzaifa U.,5
Li J.,5
Jain V.,5
Zurawski A.,5
Hao Botao,5
Wang Boxiang,5
Wang Pengyuan,5
Zhang Jingfei,5
Yang Jian,5
Sun Will Wei,5
Nam Woo-Jeoung,4
Gur Shir,4
Choi Jaesik,4
Wolf Lior,4
Lee Seong-Whan,4
Li Dawei,5
Tasci Serafettin,5
Ghosh Shalini,5
Zhu Jingwen,5
Zhang Junting,5
Heck Larry,5
Pan Yi-Lun,4
Huang Min-Jhih,4
Ding Kuo-Teng,4
Wu Ja-Ling,4
Jang Jyh-Shing,4
Bonechi Simone,3
Andreini Paolo,3
Bianchini Monica,3
Scarselli Franco,3
Helou Elias S.,5
Zibetti Marcelo V. W.,5
Axel Leon,5
Block Kai Tobias,5
Regatte Ravinder R.,5
Herman Gabor T.,5
Dai Mian,3
Xu Yanwu,5
Gong Mingming,5
Chen Junxiang,5
Liu Tongliang,5
Zhang Kun,5
Batmanghelich Kayhan,5
Gao Zijun,3
Han Yanjun,7
Ren Zhimei,3
Zhou Zhengqing,7
Sun Chen,4
Myers Austin,4
Vondrick Carl,4
Murphy Kevin,4
Kim Michael P.,3
Korolova Aleksandra,8
Rothblum Guy N.,3
Yona Gal,3
Ali Muhammad,5
Sapiezynski Piotr,5
Bogen Miranda,5
Mislove Alan,5
Rieke Aaron,5
Staniak Mateusz,1
Biecek Przemyslaw,1
Chen Jianbo,2
Wainwright Martin J.,2
Yu Lei,4
Liu Ling,4
Pu Calton,4
Gursoy Mehmet Emre,4
Truex Stacey,4
Jodelet Quentin,2
Gripon Vincent,2
Hagiwara Masafumi,2
Köpüklü Okan,3
Kose Neslihan,3
Gunduz Ahmet,3
Rigoll Gerhard,3
Castellini Jacopo,0
Abboud Ralph,2
Ceylan Ismail Ilkan,2
Lukasiewicz Thomas,2
Kim Boah,1
Atserias Albert,1
Sharma Tushar,3
Efstathiou Vasiliki,3
Louridas Panos,3
Spinellis Diomidis,3
Verma Pulkit,4
Tallamraju Rahul,4
Rawat Abhay,4
Chand Subhasis,4
Karlapalem Kamalakar,4
Blum Hermann,4
Sarlin Paul-Edouard,4
Cadena Cesar,4
Tatwawadi Kedar,5
Kurri Gowtham,5
Prabhakaran Vinod,5
Ray Arijit,4
Yao Yi,4
Kumar Rakesh,4
Divakaran Ajay,4
Burachas Giedrius,4
Alaoui Ahmed El,1
Montanari Andrea,1
Fujita Hamido,5
Chen Chen,4
Liu Xiaopeng,4
Ding Meng,4
Zheng Junfeng,4
Li Jiangyun,4
Park Daehyung,6
Hoshi Yuuna,6
Mahajan Harshal P.,6
Kim Ho Keun,6
Erickson Zackory,6
Rogers Wendy A.,6
Kemp Charles C.,6
Wu Jian,6
Xu Yong,6
Zhang Shi-Xiong,6
Chen Lian-Wu,6
Yu Meng,6
Xie Lei,6
Oh Inseok,5
Rho Seungeun,5
Moon Sangbin,5
Son Seongho,5
Lee Hyoil,5
Chung Jinyun,5
Fiaz Usman A.,1
Baras John S.,1
Molnar Christoph,2
Gu Shuhao,2
Feng Yang,2
Liu Qun,2
Bei Xiaohui,4
Chen Shiteng,4
Guan Ji,4
Qiao Youming,4
Sun Xiaoming,4
Outsios Stamatis,3
Karatsalos Christos,3
Skianis Konstantinos,3
Vazirgiannis Michalis,3
Kervadec Hoel,5
Dolz Jose,5
Yuan Jing,5
Desrosiers Christian,5
Granger Eric,5
Ayed Ismail Ben,5
Rezaei Shahbaz,1
Okawa Masaki,3
Saito Takuya,3
Sawada Naoki,3
Nishizaki Hiromitsu,3
Ji Shihao,1
Liu Tang,1
Tuninetti Daniela,1
Likhomanenko Tatiana,2
Synnaeve Gabriel,2
Collobert Ronan,5
Fernandez-Jambrina Leonardo,1
Perez-Arribas Francisco,1
Hamdi Abdullah,1
Ghanem Bernard,1
Baccini Alberto,2
De Nicolao Giuseppe,2
Petrovich Eugenio,2
Iscen Ahmet,3
Tolias Giorgos,3
Avrithis Yannis,3
Chum Ondrej,3
Cao Yuhang,3
Chen Kai,3
Ambroszkiewicz Stanislaw,0
Kriauzienė Rima,2
Bugajev Andrej,2
Čiegis Raimondas,2
Androulakis George,1
Wright Duncan,1
Xu Yifei,5
Xie Jianwen,5
Zhao Tianyang,5
Baker Chris,5
Zhao Yibiao,5
Albert Michael,1
Li Jinge,1
Danczul Tobias,1
Schöberl Joachim,1
Benning Martin,4
Celledoni Elena,4
Ehrhardt Matthias J.,4
Owren Brynjulf,4
Schneider Steffen,3
Baevski Alexei,3
Auli Michael,3
Couceiro Miguel,1
Devillet Jimmy,1
Heibi Ivan,2
Peroni Silvio,2
Shotton David,2
Yuan Xiaowei,1
Park In Kyu,1
Gervasio Paola,1
Marini Federico,1
Dose Titus,0
Imakura Akira,2
Morikuni Keiichi,2
Takayasu Akitoshi,2
Rosolia Ugo,1
Borrelli Francesco,1
Saito Kuniaki,4
Kim Donghyun,4
Sclaroff Stan,4
Saenko Kate,4
Dũng Dinh,0
Amari Abdelkerim,8
Goossens Sebastiaan,8
Gultekin Yunus Can,8
Vassilieva Olga,8
Kim Inwoong,8
Ikeuchi Tadashi,8
Okonkwo Chigo,8
Willems Frans M. J.,8
Alvarado Alex,8
Veshki F. G.,1
Drzisga Daniel,2
Keith Brendan,2
Wohlmuth Barbara,2
Tu Yazhou,5
Rampazzi Sara,5
Hao Bin,5
Rodriguez Angel,5
Fu Kevin,5
Hei Xiali,5
Slivkins Aleksandrs,0
Kao Po-Yu,4
Zhang Angela,4
Goebel Michael,4
Chen Jefferson W.,4
Manjunath B. S.,4
Anwar Saeed,2
Khan Salman,2
Barnes Nick,2
Zheng Shun,3
Cao Wei,3
Bian Jiang,3
Zhang Jiexiong,5
Babin Philippe,4
Dandurand Philippe,4
Kubelka Vladimír,4
Giguère Philippe,4
Pomerleau François,4
Melzi Simone,5
Ren Jing,5
Rodolà Emanuele,5
Sharma Abhishek,5
Wonka Peter,5
Ovsjanikov Maks,5
Anandaraj M,3
Selvaraj K,3
Ganeshkumar P,3
Vijayakumar K P,3
Bejaoui Amine,2
Alouini Mohamed Slim,2
Pelsmaeker Tom,1
Aziz Wilker,1
Hu Tao,3
Han Zhizhong,3
Zwicker Matthias,3
Mack Wolfgang,1
Habets Emanuël A. P.,1
Agrawal Rohit,0
Liu Yaoyao,5
Su Yuting,5
Liu An-An,5
Chua Tat-Seng,5
Schiele Bernt,5
Sun Qianru,5
Arbelle Assaf,2
Elul Eliav,2
Raviv Tammy Riklin,2
Santos Clebeson Canuto dos,2
Samatelo Jorge Leonid Aching,2
Vassallo Raquel Frizera,2
Zarayeneh Neda,1
Kalyanaraman Ananth,1
Shan Shawn,5
Willson Emily,5
Wang Bolun,5
Zheng Haitao,5
Zhao Ben Y.,5
Jin Di,3
Heimann Mark,3
Rossi Ryan,3
Koutra Danai,3
Alldieck Thiemo,3
Pons-Moll Gerard,3
Theobalt Christian,3
Magnor Marcus,3
Dufter Philipp,1
Schütze Hinrich,5
Gebhard Timothy D.,3
Kilbertus Niki,3
Harry Ian,3
Schölkopf Bernhard,3
Menara Tommaso,3
Baggio Giacomo,3
Bassett Danielle S.,3
Pasqualetti Fabio,3
Yao Penghui,0
Pershin Y. V.,1
Di Ventra M.,1
Garcia Fernando,2
Pandey Amit Kumar,2
Fattal Charles,2
Gee Alan H.,3
Garcia-Olano Diego,3
Ghosh Joydeep,3
Paydarfar David,3
Kaza Kesav,3
Meshram Rahul,3
Mehta Varun,3
Merchant S. N.,3
Bitar Ahmad W.,3
Ovarlez Jean-Philippe,3
Cheong Loong-Fah,3
Chehab Ali,3
Handler Abram,1
O'Connor Brendan,1
Iyer Srinivasan,2
Cheung Alvin,2
Zettlemoyer Luke,2
Wang Wenjia,6
Chen Junxuan,6
Chi Ying,6
Xie Xuansong,6
Zhang Li,6
Hua Xiansheng,6
Lu Kuang,3
Yang Peilin,3
Wang Shixiong,2
Li Chongshou,2
Lim Andrew,2
Keskar Nitish Shirish,3
McCann Bryan,3
Xiong Caiming,3
Socher Richard,3
Ye Qinyuan,3
Liu Liyuan,3
Zhang Maosen,3
Ren Xiang,3
Bossy Mireille,2
Jabir Jean Francois,2
Martinez Kerlyns,2
Martinez-Bernal Jose,2
Valencia Miguel A.,2
Chen Zhiyu,4
Eavani Harini,4
Chen Wenhu,4
Liu Yinyin,4
Wang William Yang,4
Gao Xiang,7
Shen Shuhan,5
Zhu Lingjie,5
Shi Tianxin,5
Wang Zhiheng,5
Hu Zhanyi,5
Shahaf Gal,2
Shapiro Ehud,2
Talmon Nimrod,2
Zheng Zaixiang,4
Huang Shujian,4
Tu Zhaopeng,4
Dai Xin-Yu,4
Chen Jiajun,4
Trautmann Dietrich,4
Daxenberger Johannes,4
Stab Christian,4
Sap Maarten,4
Rashkin Hannah,4
Chen Derek,4
LeBras Ronan,4
Choi Yejin,4
Hahn Meera,3
Kadav Asim,3
Rehg James M.,3
Graf Hans Peter,3
Hu Wei,2
Guo Zongming,2
Das Siddhartha,1
Wilde Mark M.,1
Rohde David,5
Bonner Stephen,1
Mykhaylov Dmytro,4
Vasile Flavian,4
Bompaire Martin,4
Jeunen Olivier,4
Zern Artjom,3
Zisler Matthias,3
Petra Stefania,3
Schnörr Christoph,3
Lee Donghwan,1
He Niao,1
Hasan Mohd Hafiz,2
Van Hentenryck Pascal,2
Legrain Antoine,2
Wiyatno Rey Reza,1
Xu Anqi,1
Mahalingam Kalpana,1
Pandoh Palak,1
Chen Vincent S.,5
Varma Paroma,5
Krishna Ranjay,5
Bernstein Michael,5
Re Christopher,5
Fei-Fei Li,5
von Stumberg Lukas,3
Wenzel Patrick,3
Khan Qadeer,3
Cremers Daniel,3
Hou Ji,2
Dai Angela,2
Nießner Matthias,2
Albergo M. S.,2
Kanwar G.,2
Shanahan P. E.,2
Narra Krishna Giri,4
Lin Zhifeng,4
Ananthanarayanan Ganesh,4
Avestimehr Salman,4
Annavaram Murali,4
Xu Mengwei,5
Xu Tiantu,5
Liu Yunxin,5
Liu Xuanzhe,5
Huang Gang,5
Lin Felix Xiaozhu,5
Fang Xiaolei,1
Luo Jinquan,1
Liotta Giuseppe,2
Rutter Ignaz,2
Tappini Alessandra,2
